Website Name,Request Code,GET Req Count,POST Req Count
naturfoto.cz,200,58,1
jzjuchuang.cn,N/A,0,0
masqueradeatlanta.com,403,0,0
Website Name,Category,Request Code,GET Req Count,POST Req Count
walden.org,Charitable/Non-Profit,200,120,2
lisimmobiliare.com,,404,0,0
castaglia.org,N/A,N/A,0,0
trungtamwto.vn,Business/Economy,200,31,1
euykuqu.com.cn,N/A,N/A,0,0
utep.edu,Education,200,82,4
ccdsagency.com,N/A,200,43,2
huaue.com,N/A,N/A,0,0
freeprintable.net,N/A,N/A,0,0
Website Name,Category,Request Code,GET Req Count,POST Req Count
theglobeandmail.com,News,200,74,4
biseyyah.com,N/A,200,171,2
jiaoping.com,Suspicious,200,2,0
becksafe.com,N/A,N/A,0,0
postmat.es,N/A,N/A,0,0
thenipslip.com,Pornography,200,63,0
Website Name,Category,Request Code,GET Req Count,POST Req Count
president.co.jp,Shopping,200,61,2
royalsociety.org.nz,Business/Economy,200,106,2
valiumonlinemed.com,Unclassified,200,7,0
